{"version": "1.0", "algorithm": "sha256", "created_at": "2025-05-21T17:39:35.280740+00:00", "files": [{"path": "esp32_s2_kaluga_kit.c", "size": 11763, "hash": "29be53111e7eb8739b893f69f871708abc199070e86936c9aa5d9b172ffc3c89"}, {"path": "CMakeLists.txt", "size": 169, "hash": "0573c22e71e58160e9379b1deb579e207e11cff6043fef0d1a6e4bf086983222"}, {"path": "LICENSE", "size": 11358, "hash": "cfc7749b96f63bd31c3c42b5c471bf756814053e847c10f3eb003417bc523d30"}, {"path": "idf_component.yml", "size": 444, "hash": "f2cd905f597ca05b5e4b8809e2a103c81a0b94c6391760291eaa83203bac74e2"}, {"path": "Kconfig", "size": 769, "hash": "81db4202e94ee57a8355f7e19df9c9e8f1be27896fab02ac6d73d6ba1bd5e13d"}, {"path": "README.md", "size": 961, "hash": "8cc43d8318c64b65eb85acc6a7b2690af1d4e685b19343d204d34b353810f4dd"}, {"path": "priv_include/bsp_err_check.h", "size": 1788, "hash": "be3447a1157135de3f6e7f0b704475a7905dfd8c333f0091ad853995b55e6334"}, {"path": "examples/display_camera/CMakeLists.txt", "size": 375, "hash": "d58949e530fa288e9cca84ab34958b1dd48cd7ac77bc2c1648d4b120100107b0"}, {"path": "examples/display_camera/sdkconfig.bsp.esp32_s3_eye", "size": 430, "hash": "cde174955b1e12ca960bbf2909d654d3bb4f5486d271ba4f9f27b8b1a61927be"}, {"path": "examples/display_camera/README.md", "size": 803, "hash": "90f8b31341c5f2ca0560e62c58b769244584d15faf41d11fd75865a46a15f754"}, {"path": "examples/display_camera/sdkconfig.bsp.esp32_s3_korvo_2", "size": 532, "hash": "bede4573858fb5c0a4171781747e87d61762591f6d788a93c5ec8838352e041f"}, {"path": "examples/display_camera/sdkconfig.defaults", "size": 484, "hash": "69f7ad3252eb92b7f404ce87c3b70506f5edd3ba5638b206ded6b2f136601626"}, {"path": "examples/display_camera/sdkconfig.bsp.esp32_s2_kaluga_kit", "size": 484, "hash": "69f7ad3252eb92b7f404ce87c3b70506f5edd3ba5638b206ded6b2f136601626"}, {"path": "examples/display_camera/main/display_camera.c", "size": 1587, "hash": "de9ebf9a1d030588a86503286f9db0667bdcc024772709c5ac68fe5c59597407"}, {"path": "examples/display_camera/main/CMakeLists.txt", "size": 87, "hash": "dfe682ce6db6922f060b9c7e4e6769e0c1d228807a16da5c1537dba121cfe4f8"}, {"path": "examples/display_camera/main/idf_component.yml", "size": 149, "hash": "66f7fe2795e2d5e7fd123f01bb8eb46e8a82c9233a3b406591fbf93d682aa1b7"}, {"path": "include/bsp/esp-bsp.h", "size": 173, "hash": "9c13bfb8fd45b234386f8c559bdf773b0e0d934d4a1abd0f3b1b35340f369576"}, {"path": "include/bsp/esp32_s2_kaluga_kit.h", "size": 14732, "hash": "bd04ff5bd989ac53d59d64caf585614a74a8a1d1d17964f5aaac40a9849d0b2d"}, {"path": "include/bsp/display.h", "size": 2150, "hash": "d23e55f2acf878e26eaf7d711ff177152f63267ebf636c5aa1c0f5a430f2456b"}]}