{"version": "1.0", "algorithm": "sha256", "created_at": "2025-05-21T17:46:52.501962+00:00", "files": [{"path": "CMakeLists.txt", "size": 1248, "hash": "1f29aee0fe53ef834e1a9b111cc87f3a1c1c9556616820a2c324a642cb8b10ce"}, {"path": "idf_component.yml", "size": 209, "hash": "074fdc14a9df1d7ab7c99d76e44f6d5bf0bb332f57221b754932dd968801f477"}, {"path": "README.md", "size": 8658, "hash": "a83f10367be65cccb9b6c552c3cd2df12df4dfc7bb558190dadb52db54c30940"}, {"path": "license.txt", "size": 11358, "hash": "cfc7749b96f63bd31c3c42b5c471bf756814053e847c10f3eb003417bc523d30"}, {"path": "esp_lvgl_port.c", "size": 44262, "hash": "5e855a35f6dc0ecb4eb6fcc0aa59680781d3c6fe1f45b0b123f72eb7e72afedc"}, {"path": "images/img_cursor.c", "size": 30444, "hash": "b6b02e79792e917390e140cbcb24849f488b427237a8310dbaa8ecd1a7e9a7f8"}, {"path": "images/img_cursor.png", "size": 1810, "hash": "30766176860fdf04f2e41800b590bc34a706a5b9dfe0502bd5a20d5c1e406222"}, {"path": "images/img_cursor_20px.png", "size": 1607, "hash": "8e204d096139a5222a8757911befb0a7abaa1ca21f2606dde36c83a02d07b492"}, {"path": "include/esp_lvgl_port.h", "size": 9845, "hash": "54155b71865ab4d76626227067c91d6306fac0b08c7c43a374b5a1fa3412f47d"}, {"path": "docs/frame_buffer_settings.png", "size": 18224, "hash": "ca4b66bc6f70665f3fa15b0028ba3f89d241a2a8e609520549afb2326f6d630c"}, {"path": "docs/performance.md", "size": 7447, "hash": "ad56e3419e787c1cb99f200ad4e101475c4dbe623ca70081b92bb80f90beacca"}, {"path": "examples/touchscreen/CMakeLists.txt", "size": 350, "hash": "8baee201ab394ecd0ec3f4204a670a793ad36593f02bd69935f53c6263c6a0cb"}, {"path": "examples/touchscreen/README.md", "size": 1055, "hash": "948c33508f4436871b8175d5e03438638b842316091943b52b81db5a34625951"}, {"path": "examples/touchscreen/sdkconfig.defaults", "size": 121, "hash": "81c18a084a466fd5d5c0fd8bfe630b1670adff330c8dd9d7fa73f7e896d880da"}, {"path": "examples/touchscreen/main/CMakeLists.txt", "size": 75, "hash": "27d6d39ef0cb6a9097984b41e080b09f7ff972339a0bb4ddf771db4001cb9782"}, {"path": "examples/touchscreen/main/idf_component.yml", "size": 209, "hash": "0a2644be5fc9d5280662b076e34e752f29ccad86c764861819b4944981576558"}, {"path": "examples/touchscreen/main/main.c", "size": 8525, "hash": "0ddc87c4e59f9844b28a453eec9b5f8c031e78696c80dc59f7f223bc6e1cd796"}]}